d,p_last,p_block,rounds,recovery_rate,frac_wrong_unanimity,refetches_per_block,refetches_per_session,attempts_per_block,worst_case_attempts
2,0.01,0.0001,10,1.0,0.0,0.030935,0.30935,1.030935,5
2,0.01,0.001,10,1.0,0.0,0.03393,0.3393,1.03393,5
2,0.01,0.002,10,1.0,0.0,0.03708,0.3708,1.03708,5
2,0.01,0.005,10,1.0,0.0,0.046485,0.46485,1.046485,5
2,0.01,0.01,10,1.0,0.0,0.062705,0.62705,1.062705,5
2,0.02,0.0001,10,0.99995,5e-05,0.062805,0.62805,1.062805,5
2,0.02,0.001,10,1.0,0.0,0.065675,0.65675,1.065675,5
2,0.02,0.002,10,1.0,0.0,0.06905,0.6905,1.06905,5
2,0.02,0.005,10,1.0,0.0,0.078995,0.78995,1.078995,5
2,0.02,0.01,10,1.0,0.0,0.095915,0.95915,1.095915,5
2,0.03,0.0001,10,0.99995,5e-05,0.09605,0.9605,1.09605,5
2,0.03,0.001,10,1.0,0.0,0.099445,0.99445,1.099445,5
2,0.03,0.002,10,1.0,0.0,0.102665,1.02665,1.102665,5
2,0.03,0.005,10,1.0,0.0,0.11338,1.1338,1.11338,6
2,0.03,0.01,10,1.0,0.0,0.13075,1.3075,1.13075,6
2,0.04,0.0001,10,1.0,0.0,0.13104,1.3104,1.13104,6
2,0.04,0.001,10,1.0,0.0,0.13429,1.3429,1.13429,6
2,0.04,0.002,10,1.0,0.0,0.13812,1.3812,1.13812,7
2,0.04,0.005,10,1.0,0.0,0.14919,1.4919,1.14919,7
2,0.04,0.01,10,1.0,0.0,0.166935,1.66935,1.166935,7
2,0.05,0.0001,10,1.0,0.0,0.16708,1.6708,1.16708,7
2,0.05,0.001,10,1.0,0.0,0.170765,1.70765,1.170765,7
2,0.05,0.002,10,0.99995,5e-05,0.17438,1.7438,1.17438,7
2,0.05,0.005,10,0.99995,5e-05,0.185375,1.85375,1.185375,7
2,0.05,0.01,10,0.9999,0.0001,0.204795,2.04795,1.204795,7
2,0.06,0.0001,10,0.9999,0.0001,0.20513,2.0513,1.20513,8
2,0.06,0.001,10,0.9999,0.0001,0.208535,2.08535,1.208535,7
2,0.06,0.002,10,0.9999,0.0001,0.212075,2.12075,1.212075,7
2,0.06,0.005,10,0.99995,5e-05,0.223875,2.23875,1.223875,7
2,0.06,0.01,10,0.99995,5e-05,0.24258,2.4258,1.24258,8
2,0.07,0.0001,10,0.9999,0.0001,0.24286,2.4286,1.24286,8
2,0.07,0.001,10,0.9999,0.0001,0.24613,2.4613,1.24613,8
2,0.07,0.002,10,0.9999,0.0001,0.25037,2.5037,1.25037,9
2,0.07,0.005,10,0.9999,0.0001,0.26219,2.6219,1.26219,9
2,0.07,0.01,10,0.99995,5e-05,0.282595,2.82595,1.282595,9
2,0.08,0.0001,10,0.9999,0.0001,0.283235,2.83235,1.283235,9
2,0.08,0.001,10,0.9999,0.0001,0.28682,2.8682,1.28682,9
2,0.08,0.002,10,0.9999,0.0001,0.29114,2.9114,1.29114,9
2,0.08,0.005,10,0.99985,0.00015,0.3035,3.035,1.3035,9
2,0.08,0.01,10,0.99995,5e-05,0.325555,3.25555,1.325555,9
2,0.09,0.0001,10,0.99985,0.00015,0.326285,3.26285,1.326285,9
2,0.09,0.001,10,0.9998,0.0002,0.330385,3.30385,1.330385,9
2,0.09,0.002,10,0.9998,0.0002,0.334695,3.34695,1.334695,9
2,0.09,0.005,10,0.9998,0.0002,0.3469,3.469,1.3469,11
2,0.09,0.01,10,0.99985,0.00015,0.370905,3.70905,1.370905,9
2,0.1,0.0001,10,0.99975,0.00025,0.3712,3.712,1.3712,11
2,0.1,0.001,10,0.99975,0.00025,0.375035,3.75035,1.375035,11
2,0.1,0.002,10,0.99975,0.00025,0.37975,3.7975,1.37975,11
2,0.1,0.005,10,0.9998,0.0002,0.39262,3.9262,1.39262,11
2,0.1,0.01,10,0.99985,0.00015,0.417265,4.17265,1.417265,9
2,0.15,0.0001,10,0.99915,0.00085,0.628275,6.28275,1.628275,14
2,0.15,0.001,10,0.9991,0.0009,0.63338,6.3338,1.63338,14
2,0.15,0.002,10,0.99905,0.00095,0.63876,6.3876,1.63876,14
2,0.15,0.005,10,0.99905,0.00095,0.656065,6.56065,1.656065,14
2,0.15,0.01,10,0.99875,0.00125,0.685715,6.85715,1.685715,13
2,0.2,0.0001,10,0.9978,0.0022,0.9477,9.477,1.9477,19
2,0.2,0.001,10,0.9977,0.0023,0.95387,9.5387,1.95387,19
2,0.2,0.002,10,0.99765,0.00235,0.961105,9.61105,1.961105,19
2,0.2,0.005,10,0.998,0.002,0.98431,9.8431,1.98431,20
2,0.2,0.01,10,0.99775,0.00225,1.020715,10.20715,2.020715,19
3,0.01,0.0001,7,1.0,0.0,0.030885714285714287,0.2162,1.0308857142857142,4
3,0.01,0.001,7,1.0,0.0,0.03387857142857143,0.23715,1.0338785714285714,4
3,0.01,0.002,7,1.0,0.0,0.03709285714285714,0.25965,1.037092857142857,4
3,0.01,0.005,7,1.0,0.0,0.04637142857142857,0.3246,1.0463714285714285,5
3,0.01,0.01,7,1.0,0.0,0.0629,0.4403,1.0629,5
3,0.02,0.0001,7,0.99995,5e-05,0.06299285714285714,0.44095,1.062992857142857,4
3,0.02,0.001,7,1.0,0.0,0.06574285714285714,0.4602,1.065742857142857,5
3,0.02,0.002,7,1.0,0.0,0.06919285714285714,0.48435,1.069192857142857,5
3,0.02,0.005,7,1.0,0.0,0.07929285714285714,0.55505,1.079292857142857,5
3,0.02,0.01,7,1.0,0.0,0.09632857142857143,0.6743,1.0963285714285713,6
3,0.03,0.0001,7,0.99995,5e-05,0.09632142857142857,0.67425,1.0963214285714287,5
3,0.03,0.001,7,1.0,0.0,0.09965714285714286,0.6976,1.0996571428571429,5
3,0.03,0.002,7,1.0,0.0,0.10292142857142857,0.72045,1.1029214285714286,5
3,0.03,0.005,7,1.0,0.0,0.11348571428571429,0.7944,1.1134857142857142,6
3,0.03,0.01,7,1.0,0.0,0.13112857142857143,0.9179,1.1311285714285715,6
3,0.04,0.0001,7,1.0,0.0,0.13125,0.91875,1.13125,6
3,0.04,0.001,7,1.0,0.0,0.1344857142857143,0.9414,1.1344857142857143,6
3,0.04,0.002,7,1.0,0.0,0.13838571428571428,0.9687,1.1383857142857143,7
3,0.04,0.005,7,1.0,0.0,0.1497642857142857,1.04835,1.1497642857142858,7
3,0.04,0.01,7,1.0,0.0,0.16815714285714287,1.1771,1.168157142857143,7
3,0.05,0.0001,7,1.0,0.0,0.16815,1.17705,1.16815,7
3,0.05,0.001,7,1.0,0.0,0.1717,1.2019,1.1717,7
3,0.05,0.002,7,1.0,0.0,0.17535,1.22745,1.17535,7
3,0.05,0.005,7,0.99995,5e-05,0.18689285714285714,1.30825,1.1868928571428572,7
3,0.05,0.01,7,0.99995,5e-05,0.2060857142857143,1.4426,1.2060857142857142,7
3,0.06,0.0001,7,0.99995,5e-05,0.20614285714285716,1.443,1.2061428571428572,7
3,0.06,0.001,7,0.99995,5e-05,0.20970714285714287,1.46795,1.2097071428571429,7
3,0.06,0.002,7,0.99995,5e-05,0.2132,1.4924,1.2132,7
3,0.06,0.005,7,0.99995,5e-05,0.22479285714285716,1.57355,1.2247928571428572,7
3,0.06,0.01,7,1.0,0.0,0.24402857142857143,1.7082,1.2440285714285715,8
3,0.07,0.0001,7,0.99995,5e-05,0.24417142857142857,1.7092,1.2441714285714285,8
3,0.07,0.001,7,0.99995,5e-05,0.24720714285714285,1.73045,1.247207142857143,8
3,0.07,0.002,7,0.99995,5e-05,0.2512142857142857,1.7585,1.2512142857142856,9
3,0.07,0.005,7,0.99995,5e-05,0.26412142857142856,1.84885,1.2641214285714286,9
3,0.07,0.01,7,1.0,0.0,0.2846714285714286,1.9927,1.2846714285714285,9
3,0.08,0.0001,7,0.99995,5e-05,0.28504285714285715,1.9953,1.2850428571428572,9
3,0.08,0.001,7,0.99995,5e-05,0.28864285714285715,2.0205,1.2886428571428572,9
3,0.08,0.002,7,0.99995,5e-05,0.2928357142857143,2.04985,1.2928357142857143,9
3,0.08,0.005,7,0.99995,5e-05,0.3051857142857143,2.1363,1.3051857142857144,9
3,0.08,0.01,7,1.0,0.0,0.32767142857142856,2.2937,1.3276714285714286,9
3,0.09,0.0001,7,0.99995,5e-05,0.32815714285714287,2.2971,1.3281571428571428,9
3,0.09,0.001,7,0.9999,0.0001,0.3321571428571429,2.3251,1.3321571428571428,9
3,0.09,0.002,7,0.9999,0.0001,0.33657857142857145,2.35605,1.3365785714285714,9
3,0.09,0.005,7,0.99985,0.00015,0.3491714285714286,2.4442,1.3491714285714285,11
3,0.09,0.01,7,0.99985,0.00015,0.3726714285714286,2.6087,1.3726714285714285,9
3,0.1,0.0001,7,0.9998,0.0002,0.3731,2.6117,1.3731,11
3,0.1,0.001,7,0.9998,0.0002,0.37694285714285714,2.6386,1.3769428571428572,11
3,0.1,0.002,7,0.9998,0.0002,0.38135714285714284,2.6695,1.381357142857143,11
3,0.1,0.005,7,0.9998,0.0002,0.3940714285714286,2.7585,1.3940714285714286,11
3,0.1,0.01,7,0.99985,0.00015,0.41905,2.93335,1.41905,9
3,0.15,0.0001,7,0.9993,0.0007,0.6287642857142857,4.40135,1.6287642857142857,14
3,0.15,0.001,7,0.99925,0.00075,0.6329928571428571,4.43095,1.6329928571428571,14
3,0.15,0.002,7,0.9992,0.0008,0.6384571428571428,4.4692,1.6384571428571428,14
3,0.15,0.005,7,0.9992,0.0008,0.6555428571428571,4.5888,1.6555428571428572,13
3,0.15,0.01,7,0.9992,0.0008,0.6855785714285715,4.79905,1.6855785714285714,15
3,0.2,0.0001,7,0.9984,0.0016,0.9475357142857143,6.63275,1.9475357142857144,17
3,0.2,0.001,7,0.99835,0.00165,0.9524,6.6668,1.9524,17
3,0.2,0.002,7,0.99835,0.00165,0.9599714285714286,6.7198,1.9599714285714285,17
3,0.2,0.005,7,0.9986,0.0014,0.9836214285714285,6.88535,1.9836214285714286,17
3,0.2,0.01,7,0.99835,0.00165,1.0207785714285715,7.14545,2.0207785714285715,18
4,0.01,0.0001,5,1.0,0.0,0.03086,0.1543,1.03086,4
4,0.01,0.001,5,1.0,0.0,0.03387,0.16935,1.03387,4
4,0.01,0.002,5,1.0,0.0,0.03716,0.1858,1.03716,4
4,0.01,0.005,5,1.0,0.0,0.04658,0.2329,1.04658,4
4,0.01,0.01,5,1.0,0.0,0.06344,0.3172,1.06344,4
4,0.02,0.0001,5,0.99995,5e-05,0.06366,0.3183,1.06366,4
4,0.02,0.001,5,1.0,0.0,0.06651,0.33255,1.06651,5
4,0.02,0.002,5,1.0,0.0,0.06987,0.34935,1.06987,5
4,0.02,0.005,5,1.0,0.0,0.07982,0.3991,1.07982,5
4,0.02,0.01,5,1.0,0.0,0.09667,0.48335,1.09667,5
4,0.03,0.0001,5,0.99995,5e-05,0.0969,0.4845,1.0969,5
4,0.03,0.001,5,1.0,0.0,0.10031,0.50155,1.10031,5
4,0.03,0.002,5,1.0,0.0,0.10341,0.51705,1.10341,5
4,0.03,0.005,5,1.0,0.0,0.11435,0.57175,1.11435,6
4,0.03,0.01,5,1.0,0.0,0.1322,0.661,1.1322,6
4,0.04,0.0001,5,1.0,0.0,0.13247,0.66235,1.13247,6
4,0.04,0.001,5,1.0,0.0,0.1357,0.6785,1.1357,6
4,0.04,0.002,5,1.0,0.0,0.13945,0.69725,1.13945,6
4,0.04,0.005,5,1.0,0.0,0.15117,0.75585,1.15117,6
4,0.04,0.01,5,1.0,0.0,0.16959,0.84795,1.16959,6
4,0.05,0.0001,5,1.0,0.0,0.16983,0.84915,1.16983,6
4,0.05,0.001,5,1.0,0.0,0.17361,0.86805,1.17361,6
4,0.05,0.002,5,1.0,0.0,0.17738,0.8869,1.17738,6
4,0.05,0.005,5,1.0,0.0,0.18877,0.94385,1.18877,6
4,0.05,0.01,5,1.0,0.0,0.20785,1.03925,1.20785,7
4,0.06,0.0001,5,1.0,0.0,0.20821,1.04105,1.20821,7
4,0.06,0.001,5,1.0,0.0,0.21134,1.0567,1.21134,7
4,0.06,0.002,5,1.0,0.0,0.21482,1.0741,1.21482,7
4,0.06,0.005,5,0.99995,5e-05,0.22724,1.1362,1.22724,7
4,0.06,0.01,5,1.0,0.0,0.24629,1.23145,1.24629,8
4,0.07,0.0001,5,0.99995,5e-05,0.24652,1.2326,1.24652,8
4,0.07,0.001,5,0.99995,5e-05,0.2498,1.249,1.2498,8
4,0.07,0.002,5,0.99995,5e-05,0.25366,1.2683,1.25366,8
4,0.07,0.005,5,0.99995,5e-05,0.26627,1.33135,1.26627,8
4,0.07,0.01,5,1.0,0.0,0.28707,1.43535,1.28707,9
4,0.08,0.0001,5,0.99995,5e-05,0.28735,1.43675,1.28735,9
4,0.08,0.001,5,0.99995,5e-05,0.29074,1.4537,1.29074,9
4,0.08,0.002,5,0.99995,5e-05,0.29499,1.47495,1.29499,9
4,0.08,0.005,5,0.99995,5e-05,0.30813,1.54065,1.30813,9
4,0.08,0.01,5,1.0,0.0,0.33073,1.65365,1.33073,9
4,0.09,0.0001,5,0.99995,5e-05,0.33105,1.65525,1.33105,9
4,0.09,0.001,5,0.9999,0.0001,0.33546,1.6773,1.33546,9
4,0.09,0.002,5,0.9999,0.0001,0.33982,1.6991,1.33982,9
4,0.09,0.005,5,0.99985,0.00015,0.35242,1.7621,1.35242,11
4,0.09,0.01,5,0.99985,0.00015,0.37448,1.8724,1.37448,9
4,0.1,0.0001,5,0.9998,0.0002,0.37492,1.8746,1.37492,11
4,0.1,0.001,5,0.9998,0.0002,0.37855,1.89275,1.37855,11
4,0.1,0.002,5,0.9998,0.0002,0.38288,1.9144,1.38288,11
4,0.1,0.005,5,0.9998,0.0002,0.3967,1.9835,1.3967,11
4,0.1,0.01,5,0.99985,0.00015,0.42091,2.10455,1.42091,9
4,0.15,0.0001,5,0.99945,0.00055,0.63422,3.1711,1.63422,13
4,0.15,0.001,5,0.9994,0.0006,0.63902,3.1951,1.63902,13
4,0.15,0.002,5,0.9994,0.0006,0.64431,3.22155,1.64431,13
4,0.15,0.005,5,0.99945,0.00055,0.66223,3.31115,1.66223,13
4,0.15,0.01,5,0.9994,0.0006,0.69073,3.45365,1.69073,13
4,0.2,0.0001,5,0.99895,0.00105,0.94943,4.74715,1.94943,17
4,0.2,0.001,5,0.99895,0.00105,0.95497,4.77485,1.95497,17
4,0.2,0.002,5,0.999,0.001,0.96252,4.8126,1.96252,17
4,0.2,0.005,5,0.99915,0.00085,0.98612,4.9306,1.98612,17
4,0.2,0.01,5,0.999,0.001,1.02273,5.11365,2.02273,18
